year,quarter,impact,recession,total,federal,state_local,consumption,projection
1999,Q4,-0.4001301475454642,0,0.032798248442021116,0.2265739336065705,0.13856905433482045,-0.3323447394993698,0
2000,Q1,-0.6703965675335691,0,-1.7713383907263012,-1.2899860487594603,0.03105174246149044,-0.5124040844283313,0
2000,Q2,-0.5348523009634459,0,-0.26392126790566406,0.5096403396977193,-0.5210445138904414,-0.25251709371294195,0
2000,Q3,-0.7600872754030221,0,-1.0378876914221433,-0.7336623553012602,-0.26805266809645917,-0.03617266802442393,0
2000,Q4,-0.8197546205169435,0,-0.2058711320136641,0.05230093300517591,-0.27839168671979275,0.020219621700952744,0
2001,Q1,-0.1891461024099781,1,0.7510956817015604,0.45793150726642096,0.06112346004610382,0.2320407143890356,0
2001,Q2,0.1245059669902687,1,0.9906870096953231,0.4097131224623474,0.28458920797160087,0.29638467926137485,0
2001,Q3,0.5463299375578019,1,0.6494081908479892,-0.30942621136487825,-0.32714517100075113,1.2859795732136186,0
2001,Q4,1.0611965534281118,1,1.8535953314675755,0.14345413165256127,0.5839128750824745,1.1262283247325398,0
2002,Q1,1.431970391129437,0,2.2341910325068617,1.116277741909572,-0.25996529685632097,1.3778785874536106,0
2002,Q2,1.6782994229162056,0,1.9760031368423976,0.34804858405703665,-0.23937301614856898,1.86732756893393,0
2002,Q3,1.8769216258980865,0,1.4438970027755123,-0.06679654978330551,-0.015799167049130924,1.5264927196079487,0
2002,Q4,1.7186106487484927,0,1.2203514228692,0.3678651766673146,-0.26271007306912925,1.1151963192710148,0
2003,Q1,1.3752193279226814,0,0.8606257492036163,0.07791429967754315,-0.47875234833311087,1.261463797859184,0
2003,Q2,1.2407666445956913,0,1.4381924035344373,1.691053464508555,-1.3975606726217884,1.1446996116476706,0
2003,Q3,1.0592300771895036,0,0.717750733150761,-0.7291484629541103,0.432176423360051,1.0147227727448203,0
2003,Q4,0.9265308311218097,0,0.6895544385984241,0.5324936769493589,-0.5294392167402928,0.6864999783893581,0
2004,Q1,0.7450371008777243,0,0.13465082822727475,-0.3924064075050854,0.2705086437889156,0.25654859194344454,0
2004,Q2,0.37930968504789175,0,-0.024717259784893197,-0.2654724220793566,-0.009787596695036219,0.2505427589894996,0
2004,Q3,0.10347603421428306,0,-0.38558387018367374,0.35893754338516515,-0.6993558915352889,-0.04516552203355,0
2004,Q4,-0.20626435778366997,0,-0.549407129393388,-0.3316570741216215,-0.21230011282394293,-0.005449942447823613,0
2005,Q1,-0.3899221594426675,0,-0.5999803784087154,0.04750349799229511,-0.13821081104521196,-0.5092730653557985,0
2005,Q2,-0.647667424518954,0,-1.055698320090039,-0.2469257941435985,-0.2516126382441499,-0.5571598877022906,0
2005,Q3,-0.7270984275656934,0,-0.7033078823706315,-0.08233678856800594,-0.10832036705453785,-0.5126507267480876,0
2005,Q4,-0.805685965762885,0,-0.8637572821821541,-0.2551490980903268,-0.10644434300976688,-0.5021638410820604,0
2006,Q1,-0.6751380468276392,0,-0.07778870266773252,0.7424383987440396,-0.14907144960247357,-0.6711556518092986,0
2006,Q2,-0.6792160564366717,0,-1.0720103585261689,-0.46763116808449373,0.0497213045250204,-0.6541004949666955,0
2006,Q3,-0.7118677139432827,0,-0.8339145123970757,-0.6473023607924027,0.15716517679317296,-0.3437773283978461,0
2006,Q4,-0.5452679305680104,0,-0.19735814868106483,0.06446473575230666,0.22537594781583353,-0.487198832249205,0
2007,Q1,-0.6764789197897804,0,-0.6026326595548126,-0.44818167264499253,0.19077761183779748,-0.3452285987476176,0
2007,Q2,-0.41114975973718904,0,-0.010693718315803458,0.6994465689760847,-0.35536055311614717,-0.354779734175741,0
2007,Q3,-0.24257566941343367,0,-0.15961815110205416,-0.09453401737569102,0.05991879708002777,-0.1250029308063909,0
2007,Q4,-0.08886562406035436,1,0.4174820327312524,0.1378743864036463,0.11385732005631871,0.16575032627128738,0
2008,Q1,0.05510530153553453,1,-0.026748957171257,0.3138396255571565,-0.5105215670647808,0.1699329843363673,0
2008,Q2,0.7374027532331883,1,2.7184960884748115,0.5341132635409613,-0.21489503978070448,2.3992778647145547,0
2008,Q3,1.1510241680672648,1,1.4948675082342517,-0.013595231315067846,0.290802175908499,1.2176605636408206,0
2008,Q4,1.3419288760489274,1,1.181100864657902,0.523431143726138,-0.3267022890547389,0.984372009986503,0
2009,Q1,2.1476917968327536,1,3.1963027259640464,0.18425813006060915,0.411694787876382,2.600349808027055,0
2009,Q2,2.124890882010573,1,2.62729242918609,1.644144714771278,-0.7166623185680226,1.6998100329828345,0
2009,Q3,2.3635843577593763,0,2.449641411229465,0.3922000187448057,-0.47269552705815193,2.530136919542811,0
2009,Q4,2.6168337534895,0,2.194098447578396,0.5942282791973841,-0.720894441109085,2.320764609490097,0
2010,Q1,2.2059179262096684,0,1.5526394168447213,0.43806437486404715,-1.0854034889986333,2.1999785309793074,0
2010,Q2,1.8700793004816219,0,1.2839379262739046,0.3873080309083939,-0.4248283812727486,1.3214582766382592,0
2010,Q3,1.3295940608800678,0,0.2877004528232485,0.02859312363183608,-0.9345475893104039,1.1936549185018164,0
2010,Q4,0.8307167646550031,0,0.19858926267813737,-0.7292425500963544,-0.1153216951308833,1.043153507905375,0
2011,Q1,0.06287900010280273,0,-1.5187116413640802,-0.8008343593843077,-0.5255526144335596,-0.19232466754621302,0
2011,Q2,-0.5982171512171701,0,-1.360446679005987,-0.21782381260431605,-0.6762246188276672,-0.4663982475740039,0
2011,Q3,-1.194169432988168,0,-2.096108674260743,-1.399618459019814,-0.06969342926356094,-0.626796785977368,0
2011,Q4,-1.500563802512866,0,-1.0269882154206547,-0.22922821270755234,-0.16139751792215112,-0.6363624847909511,0
2012,Q1,-1.485790306630388,0,-1.459617657834168,-0.40960130473086287,-0.2656712446014463,-0.7843451085018588,0
2012,Q2,-1.4891155409726244,0,-1.3737476163749327,-0.6561853478897153,-0.09588048666672894,-0.6216817818184887,0
2012,Q3,-1.2010505739374508,0,-0.9438488061200481,-0.08705887608499974,-0.37094372575500406,-0.48584620428004427,0
2012,Q4,-1.351520359166189,0,-1.6288673563356082,-0.8889548016303512,-0.19632190520611092,-0.5435906494991462,0
2013,Q1,-1.464057135053069,0,-1.9097647613816877,-1.0381683393126895,0.001742845343869467,-0.8733392674128677,0
2013,Q2,-1.4497817751407265,0,-1.3166461767255635,-0.3452941166898675,-0.09263586662197203,-0.878716193413724,0
2013,Q3,-1.4961066798411031,0,-1.129148424921555,-0.6077684413305929,-0.09804207497029536,-0.42333790862066667,0
2013,Q4,-1.4451365297777659,0,-1.4249867560822596,-0.9106858486649918,6.652604109079828e-4,-0.5149661678281756,0
2014,Q1,-1.3051537005022644,0,-1.3498334442796813,-0.26913529933418145,-0.39391196256929273,-0.686786182376207,0
2014,Q2,-1.1664513511754253,0,-0.7618367794182067,-0.09648136771663787,-0.14806418071755842,-0.5172912309840104,0
2014,Q3,-0.9338504343598671,0,-0.19874475765932223,0.028469746344151586,0.11398464111869538,-0.3411991451221692,0
2014,Q4,-0.7273490173356756,0,-0.5989810879854934,-0.8677658825780117,0.4760580701356764,-0.20727327554315816,0
2015,Q1,-0.37907873667862435,0,0.04324767834852382,0.033572284653705035,0.04769144719353346,-0.038016053498714675,0
2015,Q2,-0.11345043046416545,0,0.3006764454396289,-0.05919878705056103,0.4185316815029242,-0.05865644901273425,0
2015,Q3,-0.07963725792981369,0,-0.06349206752191512,-0.05559534909452492,0.08282620223768548,-0.09072292066507569,0
2015,Q4,0.028287283671684066,0,-0.16728292157950242,0.11050651558069399,-0.15716112930878812,-0.12062830785140831,0
2016,Q1,0.09591839727173974,0,0.31377213274874655,-0.00446022548130659,0.3082833554459764,0.00994900278407673,0
2016,Q2,-0.08148350479404949,0,-0.40893116282352804,-0.3426254563325506,-0.05881402710553453,-0.00749167938544294,0
2016,Q3,-0.10504244161277577,0,-0.15772781479682027,0.04239259172414978,-0.07961776014180882,-0.12050264637916124,0
2016,Q4,-0.12415198112306841,0,-0.24372107962067296,-0.190440415408283,-0.02718772943345642,-0.02609293477893355,0
2017,Q1,-0.2919278836853749,0,-0.3573314775004795,-0.27945925257877835,-0.25581526307432934,0.17794303815262819,0
2017,Q2,-0.19020523082277954,0,-0.0020405513731464875,0.0632873508612993,-0.20275760927791747,0.13742970704347168,0
2017,Q3,-0.19737140600379052,0,-0.18639251552086417,-0.332794823198029,0.07310864149645677,0.07329366618070805,0
2017,Q4,-0.09823237988713467,0,0.15283502484595046,0.2240610426476332,0.060367770338944866,-0.1315937881406276,0
2018,Q1,-0.03657874585120684,0,-0.11071694135676814,0.05239473730009331,-0.2579744967679757,0.09486281811111423,0
2018,Q2,0.06268817266543372,0,0.3950271226934158,-0.0324367369256881,0.17037815324589445,0.25708570637320943,0
2018,Q3,0.17393364822872048,0,0.2585893867322828,0.2088235828293042,-0.018080606895655355,0.06784641079863397,0
2018,Q4,0.08525308804567473,0,-0.20188721588623254,0.007732827739396819,-0.2828111276926304,0.07319108406700105,0
2019,Q1,0.2936495391574242,0,0.7228688630902298,-0.07299200258791638,0.6864666138134264,0.10939425186471971,0
2019,Q2,0.3555567899722544,0,0.6426561259527362,0.2755931640546141,0.322882642949716,0.04418031894840615,0
2019,Q3,0.4605916882306853,0,0.6787289797660065,0.08865353576019758,0.35996478410776983,0.23011065989803908,0
2019,Q4,0.641478263679294,1,0.521659085908202,0.3388058988833976,-0.12124849611294952,0.3041016831377538,0
2020,Q1,0.5776642345860088,1,0.4676127467170895,0.1735034707110485,0.2581260979020509,0.035983178103990154,0
2020,Q2,3.0060416905338156,1,10.356165949743964,3.8563286370353658,-2.4139404263181827,8.91377773902678,0
2020,Q3,3.935212781387186,0,4.395413343179486,-1.6780703495673344,0.0817714179280032,5.991712274818817,0
2020,Q4,2.9346907736669516,0,-3.4804289449727372,-0.35368210469468697,-0.28812007432069997,-2.8386267659573505,0
2021,Q1,4.925570079145527,0,8.43112996863139,1.2998720209517658,-0.6333795497272657,7.76463749740689,0
2021,Q2,1.743202979230789,0,-2.3733024499149877,-0.23610847583693417,-0.9030820996060532,-1.2341118744720003,0
2021,Q3,-0.15000929077114789,0,-3.1774357368282615,-0.5735147398634756,-0.056550386341808825,-2.547370610622977,0
2021,Q4,-0.04774193440684571,0,-3.0713595195155285,0.3492472767723021,-0.7728921423620965,-2.647714653925734,0
2022,Q1,-3.144886195289636,0,-3.957447074899771,-0.38811652026040255,-0.5682332031042377,-3.001097351535131,0
2022,Q2,-3.7842235023967783,0,-4.9306516783435574,0.40231226836407097,-1.0447681166177594,-4.288195830089869,0
2022,Q3,-3.6086631244327645,0,-2.4751942249722068,-0.510395153476164,0.39704763938423965,-2.3618467108802825,0
2022,Q4,-2.924255271275767,0,-0.33372810688753707,-0.16650138350928545,0.7150093166772253,-0.882236040055477,0
2023,Q1,-1.964881445825027,0,-0.11995177309681188,0.00781664902845014,0.47685594068311926,-0.6046243628083813,0
2023,Q2,-0.9001833634292111,0,-0.6718593487602935,-0.2974583447599527,0.4129775023249205,-0.7873785063252613,0
2023,Q3,-0.26401883533120063,0,0.06946388741983545,-0.1821411841095688,0.7662244903066304,-0.5146194187772262,0
2023,Q4,-0.30060185952013413,0,-0.48006020364327096,0.032949717421271785,0.20116086444730247,-0.7141707855118452,0
2024,Q1,-0.2719126011149694,0,-0.005194739476152871,-0.2485511140613853,0.15908018669269153,0.0842761878925409,0
2024,Q2,-0.07392371511200715,0,0.12009619525155543,0.13752863845506738,-0.012646201503523644,-0.004786241699988301,0
2024,Q3,0.03406832554574371,0,0.5014320500508389,0.6362457601472008,-0.1500892027839161,0.015275492687554211,0
2024,Q4,0.2420066924374757,0,0.35169326392365696,0.07891999030934414,0.051965082014575933,0.2208081915997369,0
2025,Q1,0.11502740751406418,0,-0.513111879169799,-1.114698504697878,0.6348414826390102,-0.03325485711093128,0
2025,Q2,0.023809484993883363,0,-0.24477549482916783,-0.831205203287137,0.5177957060403743,0.06863400241759487,0
2025,Q3,-0.10951613023240711,0,-0.03187041085432296,-0.022982720685385233,-0.13612276800766374,0.127235077838726,1
2025,Q4,-0.28948852057410257,0,-0.3681962974431248,-0.25175348538138365,-0.08289375997397287,-0.033549052087768316,1
2026,Q1,-0.11682346149937128,0,0.17754835712912623,0.13136542118527136,-0.13465468280150494,0.1808376187453598,1
2026,Q2,-0.13426875657491083,0,-0.314556675131326,-0.17571102825956725,-0.11288668130096842,-0.025958965570790388,1
2026,Q3,-0.23967197723382153,0,-0.4534832934899657,-0.10503441288328269,-0.15328233654079365,-0.19516654406588935,1
2026,Q4,-0.3022696649206808,0,-0.618587048190562,-0.22430975894719418,-0.1390796242571538,-0.255197664986214,1
2027,Q1,-0.5362111851642949,0,-0.7582177238453303,-0.20736084658914555,-0.15737046924251508,-0.39348640801366963,1
2027,Q2,-0.6173345768518915,0,-0.6390502418817126,-0.18453252970121642,-0.1468003916315977,-0.3077173205488985,1
