,date,gdp,gdppotq,federal_nom,federal_social_benefits,federal_noncorp_taxes,federal_corporate_taxes,federal_igrants,federal_cgrants,federal_nom_sg,federal_social_benefits_sg,federal_noncorp_taxes_sg,federal_corporate_taxes_sg,federal_igrants_sg,federal_cgrants_sg,federal_nom_sgpot,federal_social_benefits_sgpot,federal_noncorp_taxes_sgpot,federal_corporate_taxes_sgpot,federal_igrants_sgpot,federal_cgrants_sgpot
1,3/31/1970,1051.2,1056,133.6,41.3,153.6,27,5.576,13.91379962,0.127092846,0.039288432,0.146118721,0.025684932,0.005304414,0.013236111,0.126515152,0.039109848,0.145454545,0.025568182,0.005280303,0.013175947
2,6/30/1970,1067.4,1079.4,131.8,50.3,154.9,27,5.228,15.0526276,0.123477609,0.047123852,0.145118981,0.02529511,0.004897883,0.014102143,0.122104873,0.046599963,0.143505651,0.025013897,0.004843432,0.013945366
3,9/30/1970,1086.1,1096.6,132.4,49.6,150.4,27.9,4.816,16.19145557,0.12190406,0.045667986,0.13847712,0.025688242,0.004434214,0.014907887,0.120736823,0.045230713,0.137151195,0.025442276,0.004391756,0.014765143
4,12/31/1970,1088.6,1119.3,133.5,52.3,151,26.6,4.9,16.63028355,0.122634577,0.048043358,0.13871027,0.024435054,0.004501194,0.015276762,0.119270973,0.046725632,0.134905745,0.023764853,0.004377736,0.014857754
5,3/31/1971,1135.2,1144.7,133.3,53.2,152.6,29.9,5.464,16.9716953,0.117424242,0.046863989,0.134425652,0.026338971,0.004813249,0.014950401,0.116449725,0.046475059,0.133310038,0.026120381,0.004773303,0.014826326
6,6/30/1971,1156.3,1168.2,134.3,59.9,154,30.7,6.312,18.34406273,0.116146329,0.051803165,0.13318343,0.026550203,0.005458791,0.015864449,0.114963191,0.051275467,0.131826742,0.026279747,0.005403184,0.015702844
7,9/30/1971,1177.7,1188.9,135.6,59.1,155.7,29.8,5.756,18.47333831,0.115139679,0.050182559,0.132206844,0.025303558,0.004887493,0.015685946,0.114055009,0.049709816,0.130961393,0.025065186,0.00484145,0.015538177
8,12/31/1971,1190.3,1207.8,134.7,59.9,158.2,30.1,5.644,19.54570575,0.113164748,0.050323448,0.13290767,0.025287743,0.004741662,0.016420823,0.111525087,0.049594304,0.130981951,0.024921345,0.004672959,0.016182899
9,3/31/1972,1230.6,1235.5,141.4,61.7,175.8,31.8,5.668,20.13411114,0.114903299,0.050138144,0.142857143,0.025841053,0.004605883,0.016361215,0.114447592,0.049939296,0.142290571,0.025738567,0.004587616,0.016296326
10,6/30/1972,1266.4,1252.7,144.2,61.5,178.6,32,5.216,28.32472938,0.113866077,0.048562855,0.14102969,0.025268478,0.004118762,0.022366337,0.115111359,0.049093957,0.142572044,0.025544823,0.004163806,0.022610944
11,9/30/1972,1290.6,1274.5,138.8,61.4,180.1,33.1,6.724,20.89658408,0.107546877,0.047574771,0.139547497,0.025646986,0.00520998,0.016191372,0.108905453,0.048175755,0.141310318,0.025970969,0.005275794,0.016395907
12,12/31/1972,1328.9,1300.7,142.2,71.4,183.7,36.6,5.7,34.65127496,0.107005794,0.053728648,0.13823463,0.027541576,0.004289262,0.026075156,0.109325748,0.054893519,0.141231644,0.028138695,0.004382256,0.026640482
13,3/31/1973,1377.5,1326.2,146.4,72.7,196.7,39.3,5.74,29.58844317,0.106279492,0.05277677,0.142794918,0.028529946,0.004166969,0.021479814,0.11039059,0.054818278,0.148318504,0.029633539,0.004328156,0.022310695
14,6/30/1973,1413.9,1357.9,146.5,73.6,200.6,39.4,6.208,28.37433939,0.103614117,0.052054601,0.141877078,0.027866186,0.004390692,0.020068137,0.107887179,0.05420134,0.14772811,0.029015391,0.004571765,0.02089575
15,9/30/1973,1433.8,1396,144.2,74.6,205.8,37.6,5.344,27.52198875,0.100571907,0.052029572,0.143534663,0.02622402,0.003727159,0.019195138,0.103295129,0.053438395,0.147421203,0.026934097,0.00382808,0.019714892
16,12/31/1973,1476.3,1436.3,147.6,76.3,212.7,39.4,5.92,28.31258623,0.099979679,0.051683262,0.144076407,0.026688342,0.004010025,0.019178071,0.102764047,0.053122607,0.148088839,0.027431595,0.004121702,0.019712168
17,3/31/1974,1491.2,1476.2,152.7,82.4,221.4,37.4,7.76,27.51788133,0.102400751,0.055257511,0.14847103,0.025080472,0.005203863,0.018453515,0.103441268,0.055818995,0.149979678,0.02533532,0.00525674,0.018641025
18,6/30/1974,1530.1,1524.4,154.9,88.3,228.5,39.3,8.572,27.80769439,0.101235213,0.057708646,0.149336645,0.025684596,0.005602248,0.018173776,0.10161375,0.057924429,0.149895041,0.025780635,0.005623196,0.018241731
19,9/30/1974,1560,1582.6,160.4,93.3,235.1,43.5,6.496,28.93763208,0.102820513,0.059807692,0.150705128,0.027884615,0.004164103,0.018549764,0.101352205,0.058953621,0.148553014,0.027486415,0.004104638,0.018284868
20,12/31/1974,1599.7,1643.1,167.4,98.2,237.6,38.1,7.84,29.99750745,0.104644621,0.06138651,0.148527849,0.023816966,0.004900919,0.018751958,0.101880592,0.059765078,0.144604711,0.023187877,0.004771469,0.018256654
21,3/31/1975,1616.1,1694.3,168.6,106,238.6,31.5,8.652,31.97144876,0.104325227,0.065590001,0.147639379,0.019491368,0.005353629,0.019783088,0.099510122,0.06256271,0.14082512,0.018591749,0.005106534,0.018870005
22,6/30/1975,1651.9,1733.4,169.4,119,202.7,34.2,7.804,36.69593932,0.10254858,0.072038259,0.122707186,0.020703432,0.004724257,0.022214383,0.09772701,0.068651206,0.11693781,0.01973001,0.004502135,0.02116992
23,9/30/1975,1709.8,1778,176.1,120.8,237.5,43.2,10.772,37.39593932,0.102994502,0.070651538,0.138905135,0.025266113,0.006300152,0.021871528,0.09904387,0.067941507,0.133577053,0.024296963,0.006058493,0.021032587
24,12/31/1975,1761.8,1821.9,180.8,121,244.8,43.9,10.424,37.85512421,0.102622318,0.068679759,0.138948802,0.024917698,0.005916676,0.021486618,0.09923706,0.066414183,0.134365223,0.024095724,0.0057215,0.020777828
25,3/31/1976,1820.5,1855.5,181.6,123.7,251.3,49.9,10.012,37.83976824,0.099752815,0.067948366,0.138039,0.027410052,0.005499588,0.020785371,0.097871194,0.066666667,0.135435193,0.026893021,0.00539585,0.0203933
26,6/30/1976,1852.3,1888.9,182.5,121.2,258.9,49,9.76,38.82056229,0.098526157,0.065432165,0.139772175,0.026453598,0.005269125,0.020958032,0.096617079,0.064164328,0.1370639,0.025941024,0.005167028,0.020551941
27,9/30/1976,1886.6,1928.6,184.9,126.2,266.8,48.5,10.592,39.11791547,0.098006997,0.066892823,0.141418425,0.025707622,0.005614333,0.02073461,0.095872654,0.065436068,0.138338691,0.025147776,0.005492067,0.020283063
28,12/31/1976,1934.3,1979,190.2,127.7,273.9,47.5,11.108,43.11791547,0.098330145,0.066018715,0.141601613,0.024556687,0.005742646,0.022291224,0.096109146,0.064527539,0.138403234,0.024002021,0.005612936,0.021787729
29,3/31/1977,1988.6,2027.3,194.2,128.9,284.8,51,10.716,41.52024737,0.097656643,0.064819471,0.143216333,0.025646183,0.005388716,0.020879135,0.095792433,0.063582104,0.140482415,0.025156612,0.005285848,0.020480564
30,6/30/1977,2055.9,2073.2,198.9,127.2,293.6,55.7,10.652,43.78360055,0.096745951,0.061870714,0.142808502,0.027092757,0.005181186,0.021296561,0.095938646,0.061354428,0.141616824,0.02686668,0.005137951,0.02111885
31,9/30/1977,2118.5,2116.1,201.9,131.9,298,57.9,11.804,47.83692167,0.095303281,0.062261034,0.140665565,0.027330658,0.005571867,0.022580563,0.09541137,0.062331648,0.140825103,0.027361656,0.005578186,0.022606173
32,12/31/1977,2164.3,2180.3,206.3,133.3,308.8,58.1,10.7,47.95025195,0.095319503,0.061590353,0.142678926,0.026844707,0.004943862,0.022155086,0.094620006,0.061138375,0.141631886,0.026647709,0.004907582,0.021992502
33,3/31/1978,2202.8,2231.4,208.8,134.3,319,54.4,10.968,51.68327768,0.094788451,0.060967859,0.144815689,0.024695842,0.004979117,0.023462538,0.093573541,0.06018643,0.142959577,0.024379313,0.0049153,0.023161817
34,6/30/1978,2331.6,2294,217,133,334.8,66.2,11.528,53.66622657,0.093069137,0.057042374,0.143592383,0.02839252,0.004944244,0.02301691,0.094594595,0.057977332,0.145945946,0.02885789,0.005025283,0.02339417
35,9/30/1978,2395.1,2353.9,222.1,139.9,351.7,66.7,11.908,52.7979399,0.092730992,0.058410922,0.146841468,0.027848524,0.004971817,0.022044148,0.094354051,0.059433281,0.149411615,0.028335953,0.005058839,0.022429984
36,12/31/1978,2476.9,2423.8,227.8,141.3,367.4,70.3,12.528,53.96136656,0.091969801,0.057047115,0.148330575,0.028382252,0.005057935,0.021785848,0.093984652,0.058296889,0.151580163,0.029004043,0.005168743,0.022263127
37,3/31/1979,2526.6,2490.7,231.7,144.5,380.6,66.6,13.592,50.72170876,0.091704267,0.057191483,0.15063722,0.026359535,0.005379561,0.020075085,0.093026057,0.058015819,0.152808447,0.026739471,0.0054571,0.020364439
38,6/30/1979,2591.2,2573.6,237.6,146.5,393.2,66.5,13.048,50.76657711,0.091694968,0.056537512,0.151744366,0.025663785,0.005035505,0.019591918,0.092322039,0.056924153,0.152782095,0.025839291,0.005069941,0.0197259
39,9/30/1979,2667.6,2650.7,243.7,159.6,407.1,65.3,14.292,53.19590274,0.091355526,0.05982906,0.152609087,0.024478932,0.005357625,0.019941484,0.091937979,0.06021051,0.153582073,0.024635002,0.005391783,0.020068624
40,12/31/1979,2723.9,2718.8,249.3,161.8,420.5,62.1,15.752,53.15631381,0.091523184,0.059400125,0.154374243,0.022798194,0.005782885,0.019514782,0.091694865,0.059511549,0.154663822,0.022840959,0.005793733,0.019551388
41,3/31/1980,2789.8,2792.9,261.1,168.5,425.2,67,16.26,53.64716504,0.093590938,0.060398595,0.152412359,0.024016058,0.005828375,0.019229753,0.093487056,0.060331555,0.152243188,0.023989402,0.005821906,0.019208409
42,6/30/1980,2797.4,2874,276.5,172,438.8,49.8,16.536,55.81654119,0.098841782,0.061485665,0.156859941,0.017802245,0.005911203,0.019953007,0.096207376,0.059846903,0.152679193,0.017327766,0.005753653,0.019421204
43,9/30/1980,2856.5,2950.4,276.1,198.4,453.1,56,15.916,57.20091427,0.096656748,0.069455628,0.15862069,0.019604411,0.005571854,0.020024826,0.093580531,0.067245119,0.153572397,0.018980477,0.005394523,0.019387512
44,12/31/1980,2985.6,3041,285.8,197.6,474.6,61.7,16.628,58.81997542,0.095726152,0.066184352,0.158963023,0.020665863,0.0055694,0.019701224,0.093982243,0.064978625,0.156067083,0.020289378,0.005467938,0.019342314
45,3/31/1981,3124.2,3137.7,297.2,199.8,516.4,58.5,16.092,56.72113704,0.095128353,0.063952372,0.165290314,0.018724794,0.005150759,0.018155412,0.094719062,0.063677216,0.16457915,0.01864423,0.005128597,0.018077298
46,6/30/1981,3162.5,3219,311.9,199,531.7,50.7,15.716,55.72882833,0.098624506,0.062924901,0.168126482,0.016031621,0.004969486,0.017621764,0.096893445,0.061820441,0.16517552,0.015750233,0.004882262,0.017312466
47,9/30/1981,3260.6,3301.1,317.4,214.9,546.1,52.7,14.828,53.01728974,0.097344047,0.065908115,0.167484512,0.016162669,0.004547629,0.01625998,0.096149768,0.065099512,0.165429705,0.015964376,0.004491836,0.016060492
48,12/31/1981,3280.8,3381.9,329.3,215.2,542.2,44.8,15.012,50.38459762,0.100371861,0.065593758,0.16526457,0.013655206,0.004575713,0.015357412,0.0973713,0.063632869,0.160324078,0.013246991,0.004438925,0.014898311
49,3/31/1982,3274.3,3454.2,334.9,217,541.9,33.5,13.852,49.74681828,0.102281404,0.066273707,0.165501023,0.010231194,0.004230523,0.015193116,0.096954432,0.062822072,0.156881478,0.009698338,0.00401019,0.014401835
50,6/30/1982,3332,3526.4,342.9,222.1,546.9,34.7,14.552,50.46645528,0.102911164,0.066656663,0.164135654,0.010414166,0.004367347,0.015145995,0.097237976,0.062982078,0.155087341,0.009840064,0.004126588,0.014311041
51,9/30/1982,3366.3,3605.2,351.5,235.7,537.3,35.4,14.544,48.432014,0.104417313,0.070017527,0.159611443,0.010515997,0.004320471,0.014387314,0.097498058,0.065377788,0.149034728,0.00981915,0.004034173,0.013433933
52,12/31/1982,3402.6,3672.8,364.1,249,544.4,31.7,14.484,49.132014,0.107006407,0.073179333,0.159995298,0.009316405,0.004256745,0.01443955,0.099134176,0.067795687,0.148224788,0.008631017,0.003943585,0.013377264
53,3/31/1983,3473.4,3731,370.5,247,546.7,34.3,15.9,48.76047183,0.106667818,0.071111879,0.157396211,0.00987505,0.004577647,0.014038254,0.099303136,0.066202091,0.146529081,0.009193246,0.004261592,0.013069009
54,6/30/1983,3578.8,3790,380.3,250.5,560.8,46.3,14.2,50.64939034,0.10626467,0.069995529,0.15670057,0.012937297,0.00396781,0.014152618,0.100343008,0.066094987,0.147968338,0.012216359,0.003746702,0.013363955
55,9/30/1983,3689.2,3862.9,394.4,242.6,547.6,53.3,15.904,49.51614585,0.106906646,0.065759514,0.148433265,0.014447577,0.004310962,0.01342192,0.102099459,0.062802558,0.141758782,0.013797924,0.004117114,0.012818387
56,12/31/1983,3794.7,3926.2,384.2,243.1,561.9,54.6,15.768,47.61627912,0.101246475,0.064063035,0.148074947,0.014388489,0.004155269,0.012548101,0.097855433,0.061917376,0.143115481,0.013906576,0.004016097,0.012127828
57,3/31/1984,3908.1,4001.6,392.4,243.9,581.2,64.8,16.556,51.60164517,0.100406847,0.062408843,0.148716768,0.016580947,0.00423633,0.013203768,0.098060776,0.06095062,0.145241903,0.016193523,0.004137345,0.012895253
58,6/30/1984,4009.6,4073,408.3,244.3,594.2,63.8,17.236,53.12575785,0.101830607,0.060928771,0.148194334,0.015911812,0.004298683,0.01324964,0.100245519,0.059980358,0.145887552,0.01566413,0.00423177,0.013043397
59,9/30/1984,4084.3,4147.6,414,243.5,611.8,53.8,18.092,50.39469306,0.101363759,0.059618539,0.14979311,0.013172392,0.004429645,0.012338637,0.099816762,0.058708651,0.147506992,0.012971357,0.004362041,0.012150326
60,12/31/1984,4148.6,4218,432.5,248.2,626.1,54.3,18.824,53.55327335,0.104252037,0.059827412,0.150918382,0.013088753,0.004537434,0.012908758,0.102536747,0.058843054,0.148435277,0.0128734,0.004462779,0.012696366
61,3/31/1985,4230.2,4299.6,434.8,255.3,670.4,57.7,17.044,53.60622419,0.102784738,0.060351756,0.158479505,0.013640017,0.004029124,0.012672267,0.101125686,0.059377617,0.155921481,0.013419853,0.00396409,0.012467724
62,6/30/1985,4294.9,4367.7,447.3,255.1,628.3,56.3,19.408,53.6646872,0.104146779,0.059396028,0.146289786,0.013108571,0.004518848,0.012494979,0.10241088,0.058406026,0.143851455,0.012890079,0.004443529,0.012286715
63,9/30/1985,4386.8,4434.8,463.1,257.2,666.5,60.8,20.036,54.26795808,0.1055667,0.058630437,0.151933072,0.013859761,0.004567338,0.012370739,0.1044241,0.057995851,0.150288626,0.01370975,0.004517904,0.012236845
64,12/31/1985,4444.1,4500.4,466.4,256.9,676.5,59,21.184,55.41603683,0.104948133,0.05780698,0.152224297,0.013276029,0.004766769,0.012469575,0.103635232,0.057083815,0.150319972,0.013109946,0.004707137,0.01231358
65,3/31/1986,4507.9,4563.4,464,265.3,679,63,19.72,56.33502415,0.102930411,0.058852237,0.150624459,0.013975465,0.004374542,0.012496955,0.101678573,0.058136477,0.148792567,0.013805496,0.004321339,0.012344967
66,6/30/1986,4545.3,4621.3,477.8,267.5,683.4,63.4,20.556,59.8800366,0.105119574,0.058852001,0.150353112,0.013948474,0.004522474,0.013174056,0.103390821,0.057884145,0.147880467,0.013719083,0.004448099,0.012957401
67,9/30/1986,4607.7,4681.2,495.1,271.8,696.6,64.6,21.284,62.22504905,0.107450572,0.058988215,0.151181718,0.01402001,0.004619224,0.013504579,0.105763479,0.058062035,0.148807998,0.01379988,0.004546697,0.013292542
68,12/31/1986,4657.6,4747.6,489.8,271.3,714,73.1,18.32,54.41456274,0.105161457,0.058248884,0.153297836,0.015694778,0.003933356,0.011682962,0.103167916,0.057144663,0.150391777,0.015397253,0.003858792,0.011461488
69,3/31/1987,4722.2,4818.8,492.1,274,713.1,76,18.76,51.32337748,0.104209902,0.058023802,0.151010122,0.016094193,0.003972725,0.010868531,0.10212086,0.056860629,0.1479829,0.015771561,0.003893085,0.010650655
70,6/30/1987,4806.2,4893.1,501.2,276.5,770.5,87.3,19.56,54.01441028,0.104281969,0.057529857,0.160313761,0.018164038,0.004069743,0.011238486,0.102429952,0.056508144,0.157466637,0.01784145,0.003997466,0.011038894
71,9/30/1987,4884.6,4971.2,504.1,275.6,760.3,91.3,18.828,51.40544308,0.1032019,0.056422225,0.155652459,0.018691397,0.003854563,0.010523982,0.101404088,0.055439331,0.15294094,0.018365787,0.003787416,0.010340651
72,12/31/1987,5008,5052.1,513.7,276.4,781.5,87.1,18.696,50.85183653,0.102575879,0.055191693,0.156050319,0.017392173,0.003733227,0.010154121,0.101680489,0.054709923,0.154688149,0.017240355,0.003700639,0.010065485
73,3/31/1988,5073.4,5133.1,505.8,291.6,796.9,84.5,18.972,55.4571986,0.099696456,0.057476249,0.157074151,0.016655497,0.003739504,0.010930973,0.098536946,0.056807777,0.155247316,0.016461787,0.003696012,0.010803841
74,6/30/1988,5190,5224.8,506.9,291.1,801.6,90,19.836,54.72565358,0.097668593,0.056088632,0.154450867,0.01734104,0.003821965,0.010544442,0.097018068,0.055715051,0.153422141,0.01722554,0.003796509,0.01047421
75,9/30/1988,5282.8,5329.3,507.4,292.3,810.4,97.8,20.388,56.78156316,0.096047551,0.055330507,0.153403498,0.01851291,0.003859317,0.010748384,0.095209502,0.054847729,0.152064999,0.018351378,0.003825643,0.010654601
76,12/31/1988,5399.5,5417.9,525.6,293.3,824.8,102.7,19.284,56.52492736,0.097342347,0.054319844,0.152754885,0.01902028,0.003571442,0.010468548,0.097011757,0.054135366,0.152236106,0.018955684,0.003559313,0.010432996
77,3/31/1989,5511.3,5517.1,519.9,310.1,861.2,104.9,20.192,56.20032607,0.09433346,0.056266217,0.156260773,0.019033622,0.003663745,0.01019729,0.09423429,0.056207065,0.1560965,0.019013612,0.003659894,0.01018657
78,6/30/1989,5612.5,5618.9,534.3,311.4,873,94.4,19.936,55.35469396,0.095198218,0.055483296,0.155545657,0.016819599,0.003552071,0.009862752,0.095089786,0.0554201,0.155368488,0.016800441,0.003548025,0.009851518
79,9/30/1989,5695.4,5703.2,541.4,314,886.9,91.6,18.832,59.95244222,0.095059171,0.055132212,0.155722162,0.016083155,0.003306528,0.010526467,0.094929163,0.05505681,0.155509188,0.016061159,0.003302006,0.010512071
80,12/31/1989,5747.2,5786.7,540.8,318.6,901.9,91.4,20.492,58.0369512,0.094097996,0.05543569,0.156928591,0.015903396,0.003565562,0.0100983,0.093455683,0.055057287,0.155857397,0.01579484,0.003541224,0.010029369
81,3/31/1990,5872.7,5891.3,553.7,333.2,907.5,91.1,21.448,61.37722407,0.09428372,0.056737106,0.154528581,0.015512456,0.003652153,0.010451279,0.093986047,0.056557975,0.154040704,0.01546348,0.003640623,0.010418282
82,6/30/1990,5960,5998.9,563.9,336.9,921.8,94.7,20.184,62.53706985,0.094614094,0.056526846,0.15466443,0.015889262,0.003386577,0.010492797,0.094000567,0.056160296,0.153661505,0.015786227,0.003364617,0.010424756
83,9/30/1990,6015.1,6091.2,562.2,339.2,934.5,97,20.508,62.17633758,0.09346478,0.056391415,0.155359013,0.016126083,0.00340942,0.010336709,0.092297084,0.055686893,0.153418046,0.015924613,0.003366824,0.010207568
84,12/31/1990,6004.7,6176.2,569.7,348.4,936.6,95.4,21.188,62.12150124,0.094875681,0.058021217,0.155977817,0.015887555,0.003528569,0.01034548,0.092241184,0.05641009,0.151646644,0.015446391,0.003430588,0.010058208
85,3/31/1991,6035.2,6275.7,581.4,368.1,931.3,91.5,21.552,64.55351515,0.096334836,0.060992179,0.154311373,0.015161055,0.00357105,0.010696168,0.092643052,0.058654811,0.148397788,0.014580047,0.003434199,0.010286265
86,6/30/1991,6126.9,6360.1,586.6,375.6,941,87.5,21.612,63.72069606,0.095741729,0.061303432,0.15358501,0.014281284,0.003527396,0.010400153,0.092231254,0.059055675,0.147953649,0.013757645,0.00339806,0.01001882
87,9/30/1991,6205.9,6447.8,586.3,376.2,949.6,88.2,21.056,66.98836189,0.094474613,0.060619733,0.153015679,0.014212282,0.0033929,0.010794303,0.09093024,0.058345482,0.14727504,0.013679084,0.00326561,0.010389336
88,12/31/1991,6264.5,6524.2,577.4,386,961.8,89.5,20.612,64.28913326,0.092170165,0.061617048,0.153531806,0.014286854,0.003290287,0.010262452,0.088501272,0.059164342,0.147420373,0.013718157,0.003159315,0.009853949
89,3/31/1992,6363.1,6587.1,580.3,412.8,964.8,99.8,21.388,67.52571123,0.091197687,0.064874039,0.151624208,0.015684179,0.003361255,0.010612078,0.088096431,0.062667942,0.146468097,0.015150825,0.003246952,0.010251205
90,6/30/1992,6470.8,6666.2,580.9,419.5,978.4,102,22.8,65.82351871,0.089772517,0.064829696,0.151202324,0.01576312,0.003523521,0.010172393,0.0871411,0.062929405,0.146770274,0.015301071,0.003420239,0.009874219
91,9/30/1992,6566.6,6739.2,594.2,421,989.2,98.9,22.288,68.52613827,0.090488228,0.064112326,0.150641123,0.015061067,0.003394146,0.010435558,0.088170703,0.062470323,0.146783001,0.014675332,0.003307217,0.01016829
92,12/31/1992,6680.8,6827,598.4,423.4,1006.5,107.2,23.064,69.89931594,0.089570111,0.063375644,0.15065561,0.016045983,0.003452281,0.010462716,0.08765197,0.062018456,0.147429325,0.015702358,0.003378351,0.010238658
93,3/31/1993,6729.5,6907.6,580.3,434.2,1004.6,111.5,21.784,70.728,0.086232261,0.064521881,0.149283008,0.016568839,0.00323709,0.010510142,0.084008918,0.062858301,0.145434015,0.016141641,0.003153628,0.010239157
94,6/30/1993,6808.9,6992.3,576.7,437.3,1032.5,121.9,22.472,70.569,0.084697969,0.064224765,0.151639766,0.017903039,0.003300386,0.010364229,0.082476438,0.062540223,0.147662429,0.017433463,0.003213821,0.010092387
95,9/30/1993,6882.1,7078.3,578.7,438.2,1047.8,115.5,24.884,71.949,0.084087706,0.063672426,0.15225004,0.016782668,0.003615757,0.010454512,0.081756919,0.06190752,0.148029894,0.016317477,0.003515533,0.010164729
96,12/31/1993,7013.7,7162.2,584.9,438,1073.4,141,24.764,77.322,0.083393929,0.062449207,0.153043329,0.020103512,0.003530804,0.011024424,0.081664852,0.061154394,0.149870152,0.019686688,0.003457597,0.010795845
97,3/31/1994,7115.7,7242.4,567,444.9,1088,122.4,23.632,78.398,0.079682955,0.062523715,0.152901331,0.0172014,0.003321107,0.011017609,0.078288965,0.061429913,0.150226444,0.016900475,0.003263007,0.010824865
98,6/30/1994,7246.9,7323.8,569.4,444,1127.5,129.3,23.952,78.645,0.078571527,0.061267576,0.155583767,0.017842112,0.003305137,0.010852226,0.077746525,0.060624266,0.153950135,0.017654769,0.003270433,0.010738278
99,9/30/1994,7331.1,7413.3,586.5,442.9,1123.7,142.4,25.152,79.322,0.080001637,0.060413853,0.153278498,0.019424097,0.003430863,0.010819932,0.079114564,0.059743974,0.151578919,0.019208719,0.003392821,0.010699958
100,12/31/1994,7455.3,7501.9,575.8,446.5,1141.6,150.9,26.476,82.971,0.077233646,0.059890279,0.153125964,0.020240634,0.003551299,0.01112913,0.076753889,0.059518255,0.152174782,0.020114904,0.003529239,0.011059998
101,3/31/1995,7522.3,7591.5,579.1,461.9,1158.5,155.3,27.744,80.382,0.076984433,0.061404092,0.154008747,0.020645281,0.003688234,0.010685827,0.076282685,0.060844365,0.152604887,0.02045709,0.003654614,0.010588421
102,6/30/1995,7581,7677.8,581,465.3,1189.1,153.1,28.028,80.316,0.076638966,0.061377127,0.156852658,0.020195225,0.003697138,0.010594381,0.075672719,0.060603298,0.154875094,0.019940608,0.003650525,0.010460809
103,9/30/1995,7683.1,7766.1,579.3,466.8,1191.5,159.1,26.448,81.942,0.075399253,0.060756726,0.155080632,0.020707787,0.003442361,0.010665226,0.074593425,0.06010739,0.153423211,0.020486473,0.00340557,0.010551242
104,12/31/1995,7772.6,7855.7,567.3,469.3,1212,156.2,26.816,79.519,0.07298716,0.060378766,0.155932378,0.020096235,0.003450068,0.010230682,0.072215079,0.059740061,0.154282877,0.019883651,0.003413572,0.010122459
105,3/31/1996,7868.5,7946.8,579.8,485.4,1241.9,162.4,29.136,82.561,0.073686217,0.061689013,0.157831861,0.020639258,0.003702866,0.010492597,0.072960185,0.06108119,0.15627674,0.020435899,0.003666381,0.010389213
106,6/30/1996,8032.8,8037,582.1,487.8,1286.5,171.9,27.904,83.039,0.072465392,0.060726023,0.160155861,0.021399761,0.003473758,0.010337491,0.072427523,0.060694289,0.160072166,0.021388578,0.003471942,0.010332089
107,9/30/1996,8131.4,8125.6,577.8,487.2,1295.4,172.6,27.116,83.228,0.071057874,0.059915882,0.15930836,0.021226357,0.003334727,0.010235384,0.071108595,0.059958649,0.159422073,0.021241508,0.003337107,0.01024269
108,12/31/1996,8259.8,8236.3,576.9,488.5,1322.8,175.3,28.72,82.691,0.069844306,0.059141868,0.160149156,0.021223274,0.003477082,0.010011259,0.070043588,0.059310613,0.160606097,0.021283829,0.003487003,0.010039824
109,3/31/1997,8362.7,8357.2,570.7,500.1,1362.3,176.9,28.4,85.909,0.06824351,0.05980126,0.162901934,0.021153455,0.003396032,0.010272878,0.068288422,0.059840616,0.163009142,0.021167377,0.003398267,0.010279639
110,6/30/1997,8518.8,8449.9,587.2,500.4,1393,180.5,29.016,85.558,0.068929896,0.058740668,0.163520684,0.02118843,0.003406114,0.010043433,0.069491947,0.059219636,0.164854022,0.0213612,0.003433887,0.010125327
111,9/30/1997,8662.8,8566.8,586,500.9,1419.8,190.5,29.084,86.499,0.067645565,0.057821951,0.1638962,0.02199058,0.003357344,0.009985109,0.068403605,0.058469907,0.165732829,0.022237008,0.003394967,0.010097002
112,12/31/1997,8765.9,8678.6,589.2,502.3,1453.1,181.5,28.744,90.562,0.067215004,0.057301589,0.165767348,0.020705233,0.00327907,0.01033117,0.067891135,0.057877999,0.16743484,0.020913511,0.003312055,0.010435093
113,3/31/1998,8866.5,8778,572.2,513.3,1482.9,178.8,27.052,93.308,0.064535048,0.057892066,0.167247505,0.020165793,0.003051035,0.010523656,0.065185692,0.058475735,0.168933698,0.020369105,0.003081795,0.010629756
114,6/30/1998,8969.7,8888.5,587.1,515.4,1513.3,175.4,27.336,90.713,0.065453694,0.057460116,0.168712443,0.019554723,0.003047594,0.01011327,0.06605164,0.057985037,0.170253699,0.019733363,0.003075435,0.010205659
115,9/30/1998,9121.1,9018.6,588.6,518.5,1545.3,180.1,29.104,95.154,0.06453169,0.056846214,0.169420355,0.019745425,0.003190843,0.010432294,0.065265119,0.057492294,0.171345885,0.01996984,0.003227108,0.010550862
116,12/31/1998,9294,9137.1,594.2,519.2,1575.6,176.4,31.232,96.238,0.063933721,0.055863998,0.169528728,0.018979987,0.003360448,0.010354853,0.065031575,0.056823281,0.172439833,0.019305907,0.003418152,0.010532664
117,3/31/1999,9417.3,9267.7,595.5,528.9,1594.6,186,27.78,100.673,0.063234685,0.056162594,0.169326665,0.019750884,0.00294989,0.010690219,0.064255425,0.057069176,0.17205995,0.020069704,0.002997507,0.010862781
118,6/30/1999,9524.2,9399,599.8,530.7,1616.7,184.4,32.192,98.241,0.062976418,0.055721215,0.16974654,0.019361206,0.003380021,0.010314882,0.063815299,0.056463454,0.17200766,0.019619108,0.003425045,0.010452282
119,9/30/1999,9681.9,9530.7,614.9,531.7,1644.7,187.7,34.264,102.576,0.063510261,0.054916907,0.169873682,0.019386691,0.003538975,0.010594615,0.064517821,0.055788137,0.172568647,0.019694251,0.003595119,0.010762693
120,12/31/1999,9899.4,9683.8,635.2,533.2,1686.8,192.1,34.124,105.096,0.064165505,0.05386185,0.170394165,0.019405216,0.003447078,0.010616401,0.065594085,0.05506103,0.174187819,0.019837254,0.003523823,0.010852764
121,3/31/2000,10002.9,9853.6,620.4,543.8,1752.1,202.2,35.572,102.602,0.062022014,0.054364234,0.175159204,0.020214138,0.003556169,0.010257225,0.06296176,0.055187952,0.177813185,0.020520419,0.003610051,0.010412641
122,6/30/2000,10247.7,10016,642,556.8,1766.7,201.1,36.04,104.081,0.062648204,0.054334143,0.17239966,0.019623916,0.003516887,0.010156523,0.064097444,0.055591054,0.17638778,0.020077875,0.003598243,0.010391474
123,9/30/2000,10319.8,10173.4,634.1,556.8,1802.8,185.6,35.728,105.874,0.061444989,0.053954534,0.174693308,0.017984845,0.003462083,0.010259307,0.062329211,0.054730965,0.177207227,0.018243655,0.003511904,0.010406944
124,12/31/2000,10439,10324.1,638.4,559.8,1820.1,187.6,39.26,111.478,0.061155283,0.053625826,0.174355781,0.01797107,0.003760897,0.010678992,0.061835899,0.054222644,0.176296239,0.018171075,0.003802753,0.010797842
125,3/31/2001,10472.9,10481.1,653.1,583.5,1861.5,154.9,40.316,115.284,0.062360951,0.055715227,0.177744464,0.014790555,0.003849555,0.011007839,0.062312162,0.055671638,0.177605404,0.014778983,0.003846543,0.010999227
126,6/30/2001,10597.8,10634.8,666.1,590.6,1858.7,148.7,43.008,116.426,0.062852668,0.055728547,0.175385457,0.014031214,0.004058201,0.010985865,0.062633994,0.05553466,0.174775266,0.013982397,0.004044082,0.010947644
127,9/30/2001,10596.3,10764.1,674.3,603.6,1687.3,130.9,42.668,115.281,0.06363542,0.05696328,0.159234827,0.012353369,0.004026689,0.010879364,0.062643417,0.056075287,0.156752539,0.012160794,0.003963917,0.010709767
128,12/31/2001,10660.3,10882.3,686.8,614.9,1810.7,115.8,43.008,116.591,0.064425954,0.057681304,0.169854507,0.010862734,0.004034408,0.010936934,0.063111658,0.056504599,0.166389458,0.010641133,0.003952106,0.01071382
129,3/31/2002,10789,10997.4,713.9,640.9,1664.5,115.5,50.609,121.216,0.066169246,0.059403096,0.154277505,0.010705348,0.004690796,0.011235147,0.064915344,0.058277411,0.151353956,0.010502482,0.004601906,0.011022242
130,6/30/2002,10893.2,11113.9,734.7,663.1,1663.8,119.9,45.405,128.245,0.067445746,0.060872838,0.152737488,0.011006867,0.004168197,0.011772941,0.066106407,0.059664024,0.149704424,0.010788292,0.004085425,0.011539154
131,9/30/2002,10992.1,11241.1,748.2,663.6,1655.3,126.5,41.342,130.29,0.068067066,0.06037063,0.150589969,0.011508265,0.003761065,0.011853058,0.066559322,0.059033369,0.147254272,0.011253347,0.003677754,0.011590503
132,12/31/2002,11071.5,11380.4,775.1,665.6,1650.7,142,44.814,130.466,0.070008581,0.060118322,0.149094522,0.012825724,0.00404769,0.01178395,0.068108327,0.058486521,0.145047626,0.012477593,0.003937823,0.011464096
133,3/31/2003,11183.5,11507.5,792.3,678.8,1642.7,161.5,43.171,133.694,0.070845442,0.060696562,0.146886037,0.014440917,0.003860241,0.011954576,0.06885075,0.058987617,0.14275038,0.014034325,0.003751553,0.011617988
134,6/30/2003,11312.9,11617.9,825.5,690.9,1661.5,160.9,48.719,152.194,0.072969796,0.061071874,0.146867735,0.014222702,0.0043065,0.013453138,0.071054149,0.059468579,0.143012076,0.013849319,0.004193443,0.013099958
135,9/30/2003,11567.3,11758.1,832.7,694.7,1573.3,180.3,46.443,142.808,0.071987413,0.06005723,0.136012726,0.015587043,0.004015025,0.012345837,0.070819265,0.059082675,0.133805632,0.01533411,0.003949873,0.0121455
136,12/31/2003,11769.3,11906.5,854.6,698.8,1650.9,200.4,45.507,151.757,0.072612645,0.059374814,0.140271724,0.017027351,0.003866585,0.01289431,0.071775921,0.058690631,0.138655356,0.016831143,0.00382203,0.012745727
137,3/31/2004,11920.2,12076.3,871.3,710.6,1657.3,209.2,47.601,137.93,0.073094411,0.059613094,0.139032902,0.017550041,0.003993305,0.011571115,0.072149582,0.058842526,0.137235743,0.017323187,0.003941687,0.011421545
138,6/30/2004,12109,12258.3,884.2,713.1,1690.7,226,44.213,137.837,0.073020068,0.058890082,0.139623421,0.018663804,0.003651251,0.011383021,0.07213072,0.05817283,0.137922877,0.018436488,0.003606781,0.011244381
139,9/30/2004,12303.3,12424.4,902.2,715.5,1730.9,244.5,50.413,141.924,0.07332992,0.058155129,0.140685832,0.019872717,0.004097519,0.011535442,0.072615177,0.057588294,0.139314575,0.019679019,0.00405758,0.011423006
140,12/31/2004,12522.4,12608.3,909.3,721.5,1749.9,249.2,44.947,148.248,0.072613876,0.057616751,0.139741583,0.019900339,0.003589328,0.011838625,0.07211916,0.057224209,0.138789528,0.019764758,0.003564874,0.011757969
141,3/31/2005,12761.3,12795.2,931.5,742.1,1837.5,315.3,49.943,142.564,0.072994131,0.058152383,0.143990032,0.024707514,0.003913629,0.011171589,0.072800738,0.057998312,0.143608541,0.024642053,0.003903261,0.011141991
142,6/30/2005,12910,12969.7,939,746.8,1873.2,306.1,51.172,144.554,0.072734314,0.057846631,0.145096824,0.023710302,0.003963749,0.011197057,0.072399516,0.05758036,0.144428938,0.023601163,0.003945504,0.011145516
143,9/30/2005,13142.9,13170.8,956.1,756.7,1909.6,311.9,47.383,147.269,0.072746502,0.057574812,0.145295178,0.023731444,0.003605217,0.011205213,0.072592401,0.05745285,0.144987396,0.023681174,0.003597579,0.011181477
144,12/31/2005,13332.3,13358.8,963.3,763.4,1939.6,344.7,49.225,147.748,0.0722531,0.057259438,0.145481275,0.025854504,0.003692161,0.011081959,0.07210977,0.057145851,0.145192682,0.025803216,0.003684837,0.011059975
145,3/31/2006,13603.9,13531.5,996.6,783.1,2019.6,357.2,53.557,148.253,0.073258404,0.057564375,0.148457428,0.026257176,0.003936886,0.010897831,0.073650371,0.057872372,0.149251746,0.026397665,0.00395795,0.010956139
146,6/30/2006,13749.8,13722.3,996.6,788.4,2041.3,367.3,53.237,152.482,0.072481054,0.057339016,0.148460341,0.026713116,0.003871838,0.011089761,0.072626309,0.057453925,0.148757861,0.02676665,0.003879597,0.011111986
147,9/30/2006,13867.5,13892.6,994.9,792,2067.1,384.8,52.165,150.412,0.071743285,0.057111952,0.149060754,0.027748332,0.003761673,0.010846367,0.071613665,0.057008767,0.148791443,0.027698199,0.003754877,0.010826771
148,12/31/2006,14037.2,14014.1,1014.6,796.5,2114.3,354.6,51.704,145.617,0.072279372,0.056742085,0.150621207,0.025261448,0.003683356,0.01037365,0.072398513,0.056835616,0.150869481,0.025303088,0.003689427,0.010390749
149,3/31/2007,14208.6,14220.4,1017.2,823.7,2180.6,354.5,50.937,149.053,0.071590445,0.057971932,0.153470433,0.024949678,0.003584942,0.010490337,0.07153104,0.057923828,0.153343085,0.024928975,0.003581967,0.010481632
150,6/30/2007,14382.4,14381.6,1042,832.6,2200.4,347.7,56.121,158.017,0.072449661,0.057890199,0.152992546,0.024175381,0.003902061,0.010986831,0.072453691,0.057893419,0.153001057,0.024176726,0.003902278,0.010987442
151,9/30/2007,14535,14525.6,1058.3,838.2,2221.1,314.6,55.528,155.482,0.072810458,0.057667699,0.152810458,0.021644307,0.003820296,0.010697076,0.072857576,0.057705017,0.152909346,0.021658314,0.003822768,0.010703998
152,12/31/2007,14681.5,14652.7,1084.6,846,2248,296.2,54.619,152.79,0.073875285,0.05762354,0.153117869,0.02017505,0.00372026,0.010406975,0.074020488,0.057736799,0.153418824,0.020214704,0.003727572,0.01042743
153,3/31/2008,14651,14775.1,1110.3,873.1,2264.8,241.7,56.613,156.097,0.075783223,0.059593202,0.154583305,0.016497167,0.003864105,0.010654358,0.0751467,0.059092663,0.153284919,0.016358603,0.003831649,0.010564869
154,6/30/2008,14805.6,14919.9,1145.5,1199.7,2258.6,227.1,58.842,154.93,0.077369374,0.081030151,0.152550386,0.015338791,0.003974307,0.010464284,0.076776654,0.080409386,0.151381712,0.015221282,0.00394386,0.010384118
155,9/30/2008,14835.2,15092.6,1168.7,979.4,2244.7,211.5,56.868,155.784,0.07877885,0.066018658,0.151309049,0.014256633,0.003833315,0.010500971,0.077435299,0.064892729,0.148728516,0.01401349,0.003767939,0.01032188
156,12/31/2008,14559.5,15196.3,1177.9,954.2,2211,127.5,58.177,161.109,0.080902504,0.065537965,0.151859611,0.008757169,0.00399581,0.011065559,0.077512289,0.062791601,0.145495943,0.0083902,0.003828366,0.010601857
157,3/31/2009,14394.5,15245.2,1183,1038.9,1953.6,122.7,58.334,154.693,0.082184168,0.0721734,0.135718504,0.008524089,0.00405252,0.010746674,0.077598195,0.068146039,0.128145252,0.008048435,0.003826385,0.010146997
158,6/30/2009,14352.9,15268.5,1210.8,1157.6,1902.1,138.9,59.643,189.374,0.084359258,0.08065269,0.132523741,0.009677487,0.004155467,0.013194128,0.079300521,0.075816223,0.124576743,0.009097161,0.003906278,0.012402921
159,9/30/2009,14420.3,15326.5,1225.5,1137.8,1883.4,159.4,67.126,191.497,0.084984362,0.078902658,0.130607546,0.011053862,0.004654966,0.013279682,0.079959547,0.074237432,0.122885199,0.010400287,0.004379734,0.012494503
160,12/31/2009,14628,15418.8,1253.4,1152.1,1894.2,190.8,68.543,199.755,0.085684988,0.078759912,0.129491386,0.013043478,0.00468574,0.01365566,0.081290373,0.074720471,0.122850027,0.012374504,0.004445417,0.012955288
161,3/31/2010,14721.4,15498.5,1275.7,1247.5,1956.8,204.7,64.721,212.932,0.08665616,0.084740582,0.132922141,0.013904928,0.004396389,0.014464113,0.082311191,0.08049166,0.12625738,0.01320773,0.004175953,0.013738878
162,6/30/2010,14926.1,15613.2,1302.6,1245.2,2003,212.2,73.737,201.792,0.08726995,0.083424337,0.134194465,0.014216708,0.004940138,0.013519406,0.083429406,0.079753029,0.128288884,0.013591064,0.004722735,0.012924449
163,9/30/2010,15079.9,15704.4,1302.3,1243.1,2031.6,227.1,74.821,220.67,0.086359989,0.082434234,0.134722379,0.015059782,0.004961638,0.014633386,0.082925804,0.07915616,0.129365019,0.014460915,0.004764334,0.014051476
164,12/31/2010,15240.8,15841,1311.1,1240.5,2052.1,233.6,75.022,204.732,0.086025668,0.081393365,0.134645163,0.015327279,0.004922445,0.013433153,0.08276624,0.07830945,0.129543589,0.014746544,0.004735938,0.012924184
165,3/31/2011,15285.8,15977.1,1304.7,1241,2113.9,228.9,70.503,206.66,0.085353727,0.081186461,0.138291748,0.014974682,0.00461232,0.013519737,0.081660627,0.07767367,0.132308116,0.014326755,0.004412753,0.012934763
166,6/30/2011,15496.2,16136,1311.8,1244,2136,227.2,69.145,214.5,0.084653012,0.080277746,0.137840245,0.014661659,0.004462062,0.013842103,0.08129648,0.077094695,0.132374814,0.014080317,0.004285139,0.013293257
167,9/30/2011,15591.9,16297.2,1288,1243.9,2162.5,201.7,65.916,199.487,0.082606995,0.079778603,0.138693809,0.012936204,0.00422758,0.012794271,0.079031981,0.076325995,0.132691505,0.012376359,0.004044621,0.012240569
168,12/31/2011,15796.5,16381.3,1291.2,1246.4,2156.1,238,70.531,188.075,0.081739626,0.078903555,0.136492261,0.015066629,0.004464976,0.011906118,0.078821583,0.076086757,0.131619591,0.014528761,0.00430558,0.011481079
169,3/31/2012,16019.8,16546,1295.6,1225.9,2179.1,261.5,67.107,183.539,0.080874917,0.076524051,0.136025419,0.01632355,0.004189004,0.011457009,0.078302913,0.074090415,0.131699504,0.015804424,0.004055784,0.011092651
170,6/30/2012,16152.3,16676.6,1288.2,1225.9,2196.7,275.5,67.67,174.51,0.079753348,0.075896312,0.135999208,0.017056394,0.004189496,0.010804034,0.077245961,0.073510188,0.131723493,0.016520154,0.004057782,0.010464363
171,9/30/2012,16257.2,16829.8,1293.3,1226.5,2213.1,280.8,65.88,176.921,0.079552444,0.075443496,0.136130453,0.017272347,0.004052358,0.010882624,0.076845833,0.072876683,0.131498889,0.01668469,0.003914485,0.010512365
172,12/31/2012,16358.9,16985.3,1269.1,1230,2286.8,280.9,65.507,178.49,0.077578566,0.07518843,0.13978935,0.017171081,0.004004365,0.01091088,0.07471755,0.072415559,0.134634066,0.01653783,0.003856688,0.010508499
173,3/31/2013,16569.6,17123.7,1240,1247,2473.8,297,67.564,167.937,0.074835844,0.075258304,0.149297509,0.017924392,0.004077588,0.010135248,0.072414256,0.072823046,0.144466441,0.017344382,0.003945643,0.009807285
174,6/30/2013,16637.9,17245.2,1232.3,1248.4,2510.9,293.2,63.979,175.792,0.074065838,0.075033508,0.150914478,0.017622416,0.003845377,0.010565756,0.071457565,0.072391158,0.145599935,0.017001832,0.00370996,0.010193677
175,9/30/2013,16848.7,17400.8,1218.4,1249.5,2527.9,301.2,68.014,172.545,0.072314184,0.074160024,0.150035314,0.01787675,0.004036751,0.010240849,0.070019769,0.071807043,0.14527493,0.017309549,0.003908671,0.009915923
176,12/31/2013,17083.1,17577.6,1215.6,1249.9,2565.7,302.3,65.742,165.193,0.071158045,0.073165877,0.150189368,0.017695851,0.003848365,0.009669966,0.069156199,0.071107546,0.145964182,0.017198025,0.003740101,0.009397927
177,3/31/2014,17104.6,17724.9,1211,1260.6,2631.9,336.4,65.276,164.41,0.070799668,0.073699473,0.153870889,0.019667224,0.003816283,0.009612034,0.068321965,0.071120288,0.148486028,0.018978951,0.003682729,0.009275652
178,6/30/2014,17432.9,17900.2,1209,1281.2,2654.7,360,67.164,172.485,0.069351628,0.073493223,0.152281032,0.020650609,0.003852715,0.009894223,0.067541145,0.071574619,0.148305606,0.020111507,0.003752137,0.009635926
179,9/30/2014,17721.7,18055.3,1228.2,1286.5,2692,330.1,68.84,167.408,0.069304864,0.072594616,0.151904163,0.018626881,0.003884503,0.009446498,0.068024347,0.071253316,0.149097495,0.01828272,0.003812731,0.009271959
180,12/31/2014,17849.9,18163,1211.7,1296.2,2739.4,332.1,61.403,163.088,0.067882733,0.072616653,0.153468647,0.018605146,0.003439963,0.009136634,0.066712547,0.071364863,0.150823102,0.018284424,0.003380664,0.008979133
181,3/31/2015,17984.2,18236.5,1214.4,1322.5,2823.1,350.4,62.798,160.899,0.067525939,0.073536771,0.15697668,0.019483769,0.003491843,0.008946687,0.066591725,0.072519398,0.154804924,0.019214213,0.003443534,0.00882291
182,6/30/2015,18219.4,18419.2,1220.4,1333.3,2856.2,351.4,62.363,165.975,0.066983545,0.073180236,0.156766963,0.019287133,0.00342289,0.009109795,0.066256949,0.072386423,0.155066452,0.019077919,0.003385761,0.009010978
183,9/30/2015,18344.7,18564.6,1222.4,1337,2871.4,321.6,66.16,165.603,0.06663505,0.072882086,0.156524773,0.017530949,0.003606491,0.009027294,0.065845749,0.072018788,0.154670717,0.017323293,0.003563772,0.008920365
184,12/31/2015,18350.8,18643.6,1229,1343.4,2896.3,293,63.839,164.605,0.066972557,0.073206618,0.157829631,0.015966606,0.003478813,0.008969909,0.065920745,0.072056899,0.155350898,0.015715849,0.003424178,0.008829035
185,3/31/2016,18424.3,18702.6,1227.5,1353.3,2873.6,308.1,66.826,165.797,0.066623969,0.073451909,0.155967934,0.016722481,0.003627058,0.008998822,0.065632586,0.072358923,0.153647087,0.016473645,0.003573086,0.008864917
186,6/30/2016,18637.3,18908,1226.2,1358.5,2887.7,308.9,66.846,164.225,0.065792792,0.07289146,0.154941971,0.016574289,0.003586678,0.00881163,0.064850857,0.071847895,0.152723715,0.016337,0.003535329,0.008685477
187,9/30/2016,18806.7,19054.7,1237.5,1362,2917.8,326,67.776,166.944,0.065801018,0.072420999,0.155146836,0.017334248,0.003603822,0.008876836,0.064944607,0.071478428,0.153127575,0.01710864,0.003556918,0.008761303
188,12/31/2016,18991.9,19224.4,1245.2,1369.1,2952.5,304.5,66.694,165.098,0.065564793,0.072088627,0.155461012,0.016033151,0.003511708,0.008693074,0.064771852,0.071216787,0.153580866,0.015839246,0.003469237,0.00858794
189,3/31/2017,19190.4,19395.4,1248.4,1389.3,2971.7,255.6,67.364,167.432,0.06505336,0.072395573,0.154853468,0.01331916,0.003510297,0.008724779,0.064365777,0.071630387,0.153216742,0.013178383,0.003473195,0.008632562
190,6/30/2017,19356.6,19539.9,1263.6,1393.1,3006.2,248.5,68.931,167.28,0.06528006,0.071970284,0.1553062,0.012837998,0.003561111,0.008642014,0.06466768,0.071295145,0.153849303,0.012717568,0.003527705,0.008560945
191,9/30/2017,19611.7,19726.5,1270.2,1401.2,3040.3,265.4,63.889,166.249,0.06476746,0.071447146,0.155024807,0.013532738,0.003257698,0.008477032,0.064390541,0.071031354,0.154122627,0.013453983,0.00323874,0.008427699
192,12/31/2017,19918.9,19950.1,1295.1,1410.6,3084.5,236.5,65.439,173.549,0.065018651,0.070817164,0.154852929,0.011873146,0.003285272,0.00871278,0.064916968,0.070706412,0.154610754,0.011854577,0.003280134,0.008699154
193,3/31/2018,20163.2,20160.8,1318.2,1447.9,3082.7,139.2,65.489,169.456,0.065376528,0.071809038,0.152887439,0.006903666,0.003247947,0.008404222,0.06538431,0.071817587,0.152905639,0.006904488,0.003248333,0.008405222
194,6/30/2018,20510.2,20429.5,1340.4,1449.6,3100.5,149.2,65.489,172.828,0.065352849,0.070677029,0.151168687,0.007274429,0.003192997,0.008426441,0.065611004,0.070956215,0.151765829,0.007303165,0.00320561,0.008459727
195,9/30/2018,20749.8,20621.7,1358.6,1450,3133.1,156.2,68.777,170.087,0.06547533,0.069880192,0.150994226,0.007527783,0.003314586,0.008197043,0.065882056,0.070314281,0.151932188,0.007574545,0.003335176,0.008247962
196,12/31/2018,20897.8,20817.2,1371.8,1455.9,3165.6,144.9,67.638,178.432,0.065643273,0.069667621,0.15148006,0.006933744,0.003236609,0.008538315,0.065897431,0.069937359,0.15206656,0.00696059,0.00324914,0.008571374
197,3/31/2019,21098.8,20964.1,1394.7,1532.1,3244.5,136.6,70.399,166.043,0.066103285,0.072615504,0.153776518,0.006474302,0.003336635,0.007869784,0.066528017,0.073082078,0.154764574,0.006515901,0.003358074,0.00792035
198,6/30/2019,21340.3,21207.1,1415.2,1536.5,3252.2,146,68.87,172.932,0.066315844,0.071999925,0.152397108,0.006841516,0.003227227,0.008103541,0.066732368,0.07245215,0.153354301,0.006884487,0.003247497,0.008154439
199,9/30/2019,21542.5,21407,1432.2,1543.2,3287.5,130.1,70.625,172.719,0.066482535,0.07163514,0.152605315,0.006039225,0.003278403,0.008017593,0.066903349,0.072088569,0.153571262,0.006077451,0.003299154,0.008068342
200,12/31/2019,21734.3,21630.7,1451.6,1555.1,3328.7,137.5666667,70.145,170.069,0.06678844,0.071550499,0.153154231,0.006329473,0.003227387,0.007824913,0.067108323,0.071893189,0.153887761,0.006359788,0.003242845,0.00786239
201,3/31/2020,21948.16802,21846.5,1470.782362,1564.53474,3371.565937,145.5669976,70.41927175,168.1979289,0.067011623,0.071283159,0.153614914,0.006632307,0.003208435,0.007663415,0.067323478,0.071614892,0.154329798,0.006663172,0.003223366,0.007699079
202,6/30/2020,22173.51286,22046.5,1480.979302,1577.216437,3414.431874,153.5673286,70.90748883,168.1849446,0.066790468,0.071130652,0.153986962,0.00692571,0.003197846,0.007584948,0.067175257,0.071540446,0.154874101,0.00696561,0.00321627,0.007628646
203,9/30/2020,22410.03512,22273.9,1490.974322,1590.713096,3457.297811,161.5676596,71.38603825,168.087998,0.066531548,0.070982178,0.154274538,0.007209612,0.00318545,0.007500568,0.06693818,0.071416011,0.155217443,0.007253676,0.003204919,0.007546411
204,12/31/2020,22647.75496,22503.1,1500.767422,1609.478248,3497.03911,163.5912588,71.85492,167.1096355,0.066265616,0.071065686,0.154409968,0.007223288,0.003172717,0.00737864,0.066691586,0.071522512,0.155402549,0.007269721,0.003193112,0.007426072
205,3/31/2021,22875.19556,22735.3,1511.065322,1634.310258,3536.78041,165.6148581,72.34797091,166.341179,0.066056936,0.071444646,0.154612029,0.007239932,0.003162726,0.007271683,0.066463399,0.071884262,0.155563393,0.007284481,0.003182187,0.007316428
206,6/30/2021,23095.15129,22969.8,1521.565141,1649.180351,3576.52171,167.6384573,72.85068949,165.6566849,0.06588245,0.071408077,0.154860285,0.0072586,0.003154372,0.007172791,0.066241985,0.071797767,0.155705392,0.007298211,0.003171586,0.007211934
207,9/30/2021,23312.01326,23203.8,1531.964001,1663.710421,3616.26301,169.6620566,73.34857424,164.9302096,0.065715646,0.071367085,0.15512444,0.007277881,0.003146385,0.007074902,0.066022117,0.071699912,0.155847879,0.007311822,0.003161059,0.007107897
208,12/31/2021,23535.76132,23442,1547.664456,1682.21909,3655.275998,175.1335186,74.10029295,165.6107951,0.065757994,0.071475023,0.155307319,0.007441166,0.003148413,0.00703656,0.066021007,0.071760903,0.155928504,0.007470929,0.003161006,0.007064704
